BMS_Cell_Volt_01,BMS_Cell_Volt_02,BMS_Cell_Volt_03,BMS_Cell_Volt_04,BMS_Cell_Volt_05,BMS_Cell_Volt_06,BMS_Cell_Volt_07,BMS_Cell_Volt_08,BMS_Cell_Volt_09,BMS_Cell_Volt_10,BMS_Cell_Volt_11,BMS_Cell_Volt_12,BMS_Cell_Volt_13,BMS_Cell_Volt_14,BMS_Cell_Volt_15,BMS_Cell_Volt_16
3.288,3.287,3.289,3.29,3.289,3.29,3.288,3.288,3.288,3.29,3.291,3.291,3.29,3.289,3.289,3.289
3.284,3.283,3.285,3.286,3.285,3.287,3.285,3.284,3.284,3.287,3.287,3.287,3.287,3.286,3.285,3.286
3.28,3.28,3.282,3.283,3.282,3.283,3.282,3.281,3.281,3.284,3.284,3.284,3.284,3.282,3.283,3.282
3.278,3.277,3.28,3.28,3.28,3.281,3.279,3.279,3.278,3.282,3.282,3.282,3.281,3.281,3.28,3.28
3.275,3.275,3.277,3.278,3.278,3.278,3.277,3.276,3.276,3.279,3.28,3.28,3.279,3.278,3.278,3.277
3.273,3.273,3.275,3.276,3.275,3.277,3.275,3.274,3.274,3.277,3.278,3.277,3.277,3.276,3.276,3.275
3.271,3.271,3.273,3.274,3.274,3.275,3.273,3.273,3.272,3.275,3.275,3.275,3.275,3.274,3.274,3.273
3.27,3.269,3.271,3.272,3.272,3.273,3.272,3.271,3.27,3.273,3.274,3.274,3.273,3.272,3.272,3.272
3.268,3.268,3.27,3.271,3.271,3.271,3.27,3.269,3.268,3.271,3.273,3.272,3.272,3.271,3.27,3.27
3.267,3.266,3.268,3.27,3.269,3.27,3.269,3.268,3.267,3.271,3.271,3.271,3.271,3.27,3.269,3.268
3.265,3.265,3.267,3.268,3.268,3.268,3.268,3.267,3.266,3.269,3.27,3.27,3.269,3.268,3.268,3.268
3.264,3.264,3.266,3.267,3.267,3.267,3.267,3.265,3.265,3.268,3.268,3.268,3.268,3.267,3.267,3.267
3.263,3.262,3.265,3.265,3.265,3.266,3.265,3.264,3.264,3.267,3.268,3.268,3.267,3.266,3.265,3.266
3.262,3.261,3.264,3.265,3.264,3.265,3.264,3.263,3.263,3.265,3.266,3.266,3.266,3.265,3.265,3.264
3.26,3.261,3.263,3.264,3.264,3.264,3.263,3.262,3.262,3.265,3.266,3.265,3.265,3.264,3.264,3.263
3.26,3.26,3.262,3.263,3.263,3.263,3.262,3.262,3.261,3.264,3.265,3.264,3.264,3.263,3.263,3.263
3.259,3.259,3.261,3.262,3.262,3.262,3.262,3.261,3.26,3.263,3.264,3.264,3.264,3.262,3.263,3.262
3.258,3.259,3.261,3.261,3.261,3.262,3.261,3.26,3.26,3.263,3.263,3.263,3.263,3.262,3.262,3.261
3.257,3.258,3.26,3.261,3.261,3.261,3.261,3.259,3.259,3.262,3.263,3.262,3.262,3.261,3.261,3.261
3.256,3.257,3.26,3.26,3.26,3.26,3.26,3.259,3.259,3.261,3.262,3.262,3.261,3.261,3.26,3.26
3.256,3.256,3.259,3.26,3.26,3.26,3.259,3.259,3.258,3.262,3.261,3.262,3.261,3.26,3.26,3.26
3.255,3.256,3.258,3.259,3.259,3.259,3.259,3.258,3.257,3.26,3.261,3.26,3.26,3.26,3.259,3.259
3.255,3.256,3.258,3.259,3.259,3.259,3.258,3.258,3.257,3.26,3.26,3.26,3.26,3.259,3.259,3.258
3.255,3.255,3.257,3.258,3.258,3.259,3.258,3.257,3.256,3.26,3.26,3.26,3.259,3.259,3.259,3.258
3.255,3.255,3.257,3.257,3.258,3.258,3.257,3.257,3.256,3.259,3.26,3.26,3.259,3.258,3.259,3.257
3.254,3.254,3.257,3.257,3.258,3.258,3.257,3.257,3.255,3.259,3.259,3.259,3.258,3.258,3.258,3.257
3.253,3.254,3.257,3.257,3.257,3.258,3.257,3.256,3.255,3.258,3.259,3.259,3.258,3.258,3.258,3.257
3.253,3.254,3.256,3.256,3.257,3.258,3.256,3.256,3.255,3.258,3.259,3.259,3.258,3.257,3.257,3.256
3.253,3.254,3.255,3.256,3.256,3.257,3.256,3.256,3.255,3.258,3.259,3.258,3.258,3.257,3.257,3.256
3.253,3.253,3.255,3.256,3.256,3.257,3.256,3.256,3.255,3.258,3.258,3.258,3.257,3.257,3.257,3.256
3.252,3.253,3.255,3.256,3.256,3.257,3.256,3.255,3.255,3.257,3.258,3.258,3.257,3.257,3.257,3.255
3.252,3.253,3.255,3.256,3.256,3.256,3.255,3.255,3.255,3.257,3.258,3.258,3.257,3.256,3.257,3.255
3.252,3.252,3.255,3.256,3.256,3.256,3.255,3.254,3.254,3.257,3.258,3.257,3.257,3.256,3.256,3.255
3.252,3.252,3.255,3.255,3.255,3.256,3.255,3.255,3.254,3.257,3.257,3.257,3.256,3.257,3.256,3.255
3.252,3.252,3.255,3.255,3.255,3.255,3.255,3.255,3.254,3.257,3.258,3.257,3.257,3.256,3.256,3.255
3.252,3.252,3.254,3.255,3.255,3.256,3.255,3.254,3.254,3.256,3.257,3.257,3.256,3.256,3.256,3.254
3.251,3.251,3.254,3.255,3.255,3.256,3.254,3.254,3.254,3.257,3.257,3.257,3.256,3.255,3.256,3.254
3.251,3.252,3.254,3.255,3.255,3.256,3.255,3.254,3.253,3.256,3.257,3.257,3.256,3.256,3.256,3.255
3.251,3.251,3.254,3.255,3.256,3.255,3.255,3.254,3.253,3.256,3.257,3.257,3.256,3.255,3.255,3.254
3.251,3.251,3.254,3.255,3.255,3.255,3.254,3.254,3.253,3.256,3.257,3.256,3.256,3.255,3.256,3.254
3.251,3.251,3.254,3.255,3.255,3.255,3.254,3.254,3.253,3.256,3.256,3.256,3.255,3.255,3.255,3.254
3.251,3.251,3.254,3.254,3.254,3.255,3.255,3.254,3.253,3.256,3.257,3.256,3.256,3.256,3.255,3.254
3.251,3.251,3.254,3.254,3.254,3.255,3.254,3.254,3.252,3.256,3.257,3.256,3.255,3.255,3.255,3.254
3.251,3.25,3.253,3.254,3.255,3.254,3.254,3.253,3.253,3.256,3.256,3.256,3.255,3.255,3.255,3.254
3.25,3.25,3.253,3.254,3.254,3.255,3.254,3.253,3.253,3.256,3.256,3.256,3.255,3.255,3.255,3.254
3.25,3.25,3.254,3.254,3.254,3.255,3.254,3.253,3.252,3.256,3.256,3.256,3.255,3.255,3.255,3.254
3.249,3.25,3.253,3.254,3.255,3.254,3.254,3.253,3.252,3.256,3.256,3.256,3.255,3.255,3.255,3.253
3.25,3.25,3.253,3.254,3.254,3.254,3.254,3.253,3.253,3.255,3.256,3.256,3.255,3.255,3.255,3.253
3.249,3.25,3.253,3.253,3.254,3.254,3.254,3.252,3.252,3.255,3.256,3.256,3.255,3.255,3.254,3.253
3.249,3.25,3.253,3.253,3.254,3.254,3.254,3.252,3.252,3.255,3.256,3.256,3.255,3.255,3.254,3.253
3.249,3.25,3.253,3.253,3.254,3.254,3.253,3.253,3.252,3.256,3.255,3.256,3.255,3.255,3.255,3.253
3.249,3.249,3.253,3.253,3.254,3.254,3.253,3.253,3.252,3.255,3.256,3.256,3.255,3.255,3.254,3.253
3.249,3.25,3.252,3.253,3.254,3.254,3.253,3.253,3.252,3.255,3.256,3.256,3.255,3.254,3.254,3.253
3.249,3.25,3.253,3.253,3.253,3.254,3.253,3.252,3.252,3.255,3.256,3.255,3.255,3.254,3.255,3.253
3.249,3.249,3.252,3.253,3.253,3.254,3.253,3.252,3.252,3.255,3.255,3.255,3.255,3.255,3.254,3.253
3.249,3.249,3.252,3.253,3.253,3.254,3.254,3.252,3.251,3.255,3.255,3.255,3.254,3.254,3.254,3.253
3.249,3.249,3.253,3.253,3.253,3.254,3.253,3.252,3.251,3.255,3.256,3.256,3.255,3.254,3.254,3.253
3.249,3.249,3.252,3.253,3.253,3.254,3.253,3.252,3.251,3.255,3.255,3.256,3.254,3.254,3.254,3.253
3.249,3.249,3.252,3.253,3.253,3.254,3.253,3.252,3.251,3.255,3.256,3.255,3.254,3.254,3.254,3.253
3.249,3.249,3.252,3.253,3.253,3.253,3.253,3.252,3.252,3.255,3.255,3.255,3.255,3.254,3.254,3.253
3.249,3.249,3.252,3.253,3.253,3.254,3.253,3.252,3.252,3.255,3.255,3.255,3.255,3.254,3.254,3.253
3.249,3.249,3.252,3.253,3.253,3.254,3.253,3.252,3.252,3.255,3.256,3.255,3.255,3.254,3.254,3.252
3.248,3.249,3.252,3.253,3.253,3.254,3.252,3.252,3.251,3.255,3.255,3.255,3.254,3.254,3.254,3.253
3.249,3.249,3.252,3.253,3.253,3.254,3.253,3.252,3.251,3.255,3.255,3.255,3.254,3.254,3.254,3.252
3.249,3.249,3.252,3.253,3.253,3.253,3.253,3.252,3.252,3.254,3.255,3.255,3.255,3.254,3.254,3.252
3.248,3.249,3.252,3.252,3.253,3.253,3.253,3.252,3.251,3.254,3.255,3.255,3.254,3.254,3.254,3.252
3.248,3.249,3.252,3.253,3.253,3.254,3.253,3.252,3.251,3.255,3.255,3.255,3.254,3.254,3.254,3.252
3.248,3.249,3.252,3.252,3.253,3.253,3.253,3.252,3.251,3.255,3.255,3.255,3.254,3.254,3.254,3.253
3.248,3.249,3.252,3.253,3.253,3.253,3.253,3.252,3.252,3.254,3.255,3.255,3.254,3.254,3.254,3.252
3.248,3.248,3.252,3.253,3.253,3.253,3.253,3.252,3.251,3.254,3.255,3.255,3.254,3.253,3.253,3.252
3.248,3.249,3.252,3.252,3.253,3.253,3.252,3.252,3.251,3.254,3.255,3.255,3.254,3.253,3.254,3.252
3.248,3.249,3.251,3.253,3.253,3.253,3.253,3.252,3.251,3.254,3.255,3.255,3.254,3.254,3.254,3.252
3.248,3.249,3.252,3.253,3.253,3.253,3.253,3.252,3.251,3.254,3.255,3.255,3.254,3.254,3.254,3.252
3.248,3.248,3.252,3.252,3.253,3.254,3.253,3.252,3.251,3.255,3.255,3.255,3.254,3.254,3.254,3.252
3.248,3.248,3.251,3.252,3.253,3.253,3.252,3.252,3.251,3.254,3.255,3.255,3.254,3.254,3.254,3.252
3.248,3.249,3.251,3.252,3.253,3.253,3.253,3.252,3.251,3.254,3.255,3.254,3.254,3.253,3.254,3.252
3.247,3.248,3.251,3.252,3.252,3.253,3.253,3.252,3.251,3.254,3.255,3.255,3.254,3.253,3.254,3.252
3.247,3.248,3.251,3.252,3.253,3.253,3.252,3.252,3.251,3.254,3.255,3.254,3.254,3.253,3.254,3.252
3.248,3.248,3.252,3.252,3.252,3.253,3.252,3.251,3.251,3.255,3.254,3.255,3.254,3.254,3.253,3.252
3.248,3.248,3.252,3.252,3.252,3.253,3.252,3.252,3.251,3.255,3.254,3.255,3.254,3.254,3.253,3.252
3.253,3.254,3.257,3.257,3.257,3.258,3.257,3.256,3.255,3.258,3.259,3.259,3.258,3.258,3.258,3.257
3.253,3.254,3.256,3.256,3.257,3.258,3.256,3.256,3.255,3.258,3.259,3.259,3.258,3.257,3.257,3.256
3.253,3.254,3.255,3.256,3.256,3.257,3.256,3.256,3.255,3.258,3.259,3.258,3.258,3.257,3.257,3.256
3.253,3.253,3.255,3.256,3.256,3.257,3.256,3.256,3.255,3.258,3.258,3.258,3.257,3.257,3.257,3.256
3.252,3.253,3.255,3.256,3.256,3.257,3.256,3.255,3.255,3.257,3.258,3.258,3.257,3.257,3.257,3.255
3.252,3.253,3.255,3.256,3.256,3.256,3.255,3.255,3.255,3.257,3.258,3.258,3.257,3.256,3.257,3.255
3.252,3.252,3.255,3.256,3.256,3.256,3.255,3.254,3.254,3.257,3.258,3.257,3.257,3.256,3.256,3.255
3.252,3.252,3.255,3.255,3.255,3.256,3.255,3.255,3.254,3.257,3.257,3.257,3.256,3.257,3.256,3.255
3.252,3.252,3.255,3.255,3.255,3.255,3.255,3.255,3.254,3.257,3.258,3.257,3.257,3.256,3.256,3.255
3.252,3.252,3.254,3.255,3.255,3.256,3.255,3.254,3.254,3.256,3.257,3.257,3.256,3.256,3.256,3.254
3.251,3.251,3.254,3.255,3.255,3.256,3.254,3.254,3.254,3.257,3.257,3.257,3.256,3.255,3.256,3.254
3.251,3.252,3.254,3.255,3.255,3.256,3.255,3.254,3.253,3.256,3.257,3.257,3.256,3.256,3.256,3.255
3.251,3.251,3.254,3.255,3.256,3.255,3.255,3.254,3.253,3.256,3.257,3.257,3.256,3.255,3.255,3.254
3.251,3.251,3.254,3.255,3.255,3.255,3.254,3.254,3.253,3.256,3.257,3.256,3.256,3.255,3.256,3.254
3.251,3.251,3.254,3.255,3.255,3.255,3.254,3.254,3.253,3.256,3.256,3.256,3.255,3.255,3.255,3.254
3.251,3.251,3.254,3.254,3.254,3.255,3.255,3.254,3.253,3.256,3.257,3.256,3.256,3.256,3.255,3.254
3.251,3.251,3.254,3.254,3.254,3.255,3.254,3.254,3.252,3.256,3.257,3.256,3.255,3.255,3.255,3.254
3.251,3.25,3.253,3.254,3.255,3.254,3.254,3.253,3.253,3.256,3.256,3.256,3.255,3.255,3.255,3.254
3.25,3.25,3.253,3.254,3.254,3.255,3.254,3.253,3.253,3.256,3.256,3.256,3.255,3.255,3.255,3.254
3.25,3.25,3.254,3.254,3.254,3.255,3.254,3.253,3.252,3.256,3.256,3.256,3.255,3.255,3.255,3.254
3.249,3.25,3.253,3.254,3.255,3.254,3.254,3.253,3.252,3.256,3.256,3.256,3.255,3.255,3.255,3.253
3.25,3.25,3.253,3.254,3.254,3.254,3.254,3.253,3.253,3.255,3.256,3.256,3.255,3.255,3.255,3.253
3.249,3.25,3.253,3.253,3.254,3.254,3.254,3.252,3.252,3.255,3.256,3.256,3.255,3.255,3.254,3.253
3.249,3.25,3.253,3.253,3.254,3.254,3.254,3.252,3.252,3.255,3.256,3.256,3.255,3.255,3.254,3.253
3.249,3.25,3.253,3.253,3.254,3.254,3.253,3.253,3.252,3.256,3.255,3.256,3.255,3.255,3.255,3.253
3.249,3.249,3.253,3.253,3.254,3.254,3.253,3.253,3.252,3.255,3.256,3.256,3.255,3.255,3.254,3.253
3.249,3.25,3.252,3.253,3.254,3.254,3.253,3.253,3.252,3.255,3.256,3.256,3.255,3.254,3.254,3.253
3.249,3.25,3.253,3.253,3.253,3.254,3.253,3.252,3.252,3.255,3.256,3.255,3.255,3.254,3.255,3.253
3.249,3.249,3.252,3.253,3.253,3.254,3.253,3.252,3.252,3.255,3.255,3.255,3.255,3.255,3.254,3.253
3.249,3.249,3.252,3.253,3.253,3.254,3.254,3.252,3.251,3.255,3.255,3.255,3.254,3.254,3.254,3.253
3.247,3.247,3.251,3.252,3.252,3.252,3.252,3.251,3.25,3.254,3.254,3.254,3.253,3.253,3.253,3.251
3.247,3.248,3.251,3.252,3.252,3.252,3.252,3.251,3.25,3.254,3.254,3.254,3.253,3.253,3.253,3.251
3.247,3.247,3.251,3.251,3.252,3.252,3.252,3.251,3.25,3.254,3.254,3.254,3.253,3.252,3.253,3.251
3.247,3.248,3.251,3.252,3.252,3.252,3.252,3.251,3.25,3.254,3.255,3.254,3.253,3.253,3.253,3.251
3.247,3.247,3.251,3.251,3.252,3.252,3.252,3.252,3.25,3.254,3.254,3.254,3.253,3.253,3.253,3.251
3.246,3.248,3.251,3.251,3.252,3.252,3.252,3.251,3.25,3.254,3.254,3.254,3.253,3.253,3.253,3.252
3.246,3.247,3.25,3.251,3.252,3.252,3.252,3.251,3.25,3.254,3.254,3.254,3.253,3.253,3.253,3.252
3.247,3.247,3.251,3.251,3.252,3.252,3.252,3.251,3.25,3.254,3.254,3.254,3.253,3.253,3.253,3.252
3.247,3.248,3.251,3.252,3.252,3.252,3.252,3.251,3.25,3.254,3.254,3.254,3.253,3.253,3.253,3.251
3.247,3.248,3.251,3.252,3.252,3.253,3.252,3.251,3.251,3.254,3.254,3.255,3.253,3.253,3.253,3.251
3.247,3.247,3.251,3.251,3.252,3.252,3.252,3.251,3.25,3.253,3.254,3.254,3.253,3.253,3.253,3.252
3.247,3.247,3.25,3.252,3.252,3.252,3.252,3.251,3.25,3.254,3.254,3.254,3.253,3.253,3.253,3.251
3.247,3.247,3.251,3.251,3.252,3.252,3.252,3.251,3.25,3.254,3.254,3.254,3.253,3.253,3.252,3.251
3.247,3.247,3.251,3.252,3.252,3.252,3.252,3.251,3.25,3.254,3.254,3.254,3.253,3.253,3.253,3.251
3.246,3.247,3.25,3.252,3.252,3.252,3.252,3.251,3.25,3.253,3.255,3.254,3.253,3.253,3.253,3.252
3.247,3.247,3.251,3.252,3.252,3.252,3.252,3.251,3.25,3.254,3.254,3.254,3.253,3.253,3.253,3.251
3.246,3.248,3.251,3.252,3.252,3.252,3.252,3.251,3.25,3.254,3.254,3.254,3.253,3.253,3.253,3.251
3.247,3.247,3.251,3.251,3.252,3.252,3.252,3.251,3.25,3.253,3.254,3.254,3.253,3.253,3.253,3.251
3.247,3.247,3.251,3.252,3.252,3.252,3.252,3.251,3.251,3.254,3.254,3.254,3.253,3.253,3.253,3.251
3.246,3.247,3.25,3.251,3.251,3.252,3.252,3.251,3.25,3.254,3.254,3.255,3.253,3.253,3.253,3.251
3.246,3.247,3.251,3.251,3.252,3.252,3.252,3.251,3.25,3.254,3.254,3.254,3.253,3.253,3.253,3.251
3.246,3.247,3.251,3.252,3.252,3.252,3.252,3.251,3.251,3.253,3.254,3.254,3.253,3.253,3.253,3.251
3.247,3.247,3.251,3.252,3.252,3.252,3.252,3.251,3.25,3.253,3.255,3.254,3.253,3.253,3.253,3.251
3.247,3.247,3.251,3.252,3.252,3.252,3.252,3.251,3.25,3.253,3.254,3.254,3.253,3.253,3.253,3.251
3.246,3.246,3.251,3.251,3.252,3.252,3.251,3.251,3.25,3.253,3.254,3.253,3.253,3.253,3.252,3.251
3.247,3.247,3.251,3.251,3.252,3.252,3.252,3.251,3.25,3.254,3.254,3.254,3.253,3.253,3.253,3.251
3.246,3.247,3.251,3.251,3.252,3.252,3.252,3.251,3.25,3.253,3.254,3.254,3.253,3.253,3.253,3.252
3.246,3.247,3.251,3.251,3.252,3.252,3.252,3.251,3.25,3.253,3.254,3.254,3.253,3.253,3.252,3.251
3.246,3.247,3.251,3.251,3.252,3.252,3.252,3.25,3.25,3.253,3.254,3.254,3.253,3.253,3.253,3.251
3.246,3.247,3.25,3.251,3.252,3.252,3.252,3.251,3.25,3.253,3.255,3.254,3.253,3.253,3.253,3.251
3.246,3.247,3.25,3.251,3.252,3.252,3.251,3.251,3.25,3.253,3.254,3.254,3.253,3.253,3.253,3.251
3.246,3.248,3.251,3.251,3.251,3.252,3.252,3.251,3.25,3.254,3.254,3.254,3.253,3.253,3.253,3.251
3.246,3.247,3.25,3.251,3.252,3.252,3.251,3.251,3.25,3.254,3.254,3.254,3.253,3.253,3.253,3.251
3.247,3.247,3.251,3.251,3.252,3.252,3.252,3.251,3.25,3.254,3.254,3.254,3.253,3.253,3.253,3.251
3.246,3.247,3.251,3.251,3.252,3.253,3.251,3.251,3.25,3.253,3.254,3.254,3.253,3.253,3.253,3.251
3.247,3.247,3.25,3.251,3.252,3.252,3.252,3.251,3.25,3.253,3.255,3.254,3.253,3.253,3.252,3.251
3.246,3.247,3.251,3.251,3.252,3.252,3.252,3.251,3.25,3.253,3.254,3.254,3.253,3.253,3.252,3.252
3.246,3.247,3.25,3.251,3.251,3.252,3.251,3.251,3.25,3.253,3.254,3.254,3.253,3.253,3.253,3.251
3.246,3.247,3.251,3.251,3.252,3.252,3.251,3.251,3.25,3.254,3.254,3.254,3.253,3.253,3.253,3.251
3.246,3.247,3.251,3.252,3.252,3.252,3.252,3.25,3.25,3.253,3.254,3.254,3.253,3.253,3.252,3.251
3.246,3.247,3.25,3.252,3.252,3.252,3.252,3.25,3.25,3.254,3.255,3.254,3.253,3.253,3.253,3.251
3.246,3.247,3.251,3.251,3.252,3.252,3.251,3.251,3.25,3.254,3.254,3.254,3.253,3.253,3.253,3.251
3.246,3.247,3.25,3.251,3.251,3.252,3.252,3.251,3.25,3.254,3.254,3.254,3.253,3.253,3.252,3.251
3.246,3.247,3.251,3.251,3.252,3.252,3.252,3.251,3.25,3.253,3.254,3.254,3.253,3.253,3.253,3.251
3.246,3.247,3.251,3.251,3.252,3.252,3.252,3.251,3.25,3.253,3.254,3.254,3.253,3.253,3.253,3.251
3.246,3.247,3.25,3.251,3.251,3.252,3.252,3.251,3.25,3.253,3.254,3.254,3.253,3.253,3.253,3.251
3.246,3.247,3.25,3.252,3.252,3.252,3.252,3.251,3.25,3.254,3.254,3.254,3.253,3.253,3.253,3.251
3.246,3.247,3.25,3.251,3.252,3.252,3.252,3.251,3.25,3.253,3.254,3.254,3.253,3.253,3.253,3.251
3.247,3.247,3.251,3.251,3.252,3.252,3.252,3.251,3.25,3.253,3.254,3.254,3.253,3.253,3.252,3.252
3.247,3.247,3.251,3.251,3.252,3.252,3.251,3.251,3.25,3.253,3.254,3.254,3.253,3.253,3.253,3.251
3.246,3.247,3.25,3.251,3.252,3.252,3.251,3.251,3.25,3.253,3.255,3.254,3.253,3.253,3.253,3.251
3.246,3.247,3.25,3.251,3.251,3.252,3.252,3.251,3.25,3.253,3.254,3.254,3.253,3.253,3.253,3.251
3.246,3.247,3.25,3.251,3.252,3.252,3.251,3.251,3.25,3.253,3.254,3.254,3.253,3.253,3.253,3.251
3.246,3.247,3.251,3.251,3.252,3.252,3.251,3.251,3.25,3.253,3.255,3.254,3.253,3.253,3.253,3.251
3.246,3.247,3.251,3.251,3.252,3.252,3.251,3.251,3.25,3.253,3.254,3.253,3.253,3.253,3.252,3.251
3.247,3.247,3.25,3.251,3.252,3.252,3.251,3.251,3.25,3.254,3.254,3.254,3.253,3.253,3.252,3.251
3.246,3.247,3.25,3.251,3.252,3.252,3.252,3.251,3.25,3.253,3.254,3.254,3.253,3.253,3.253,3.251
3.247,3.247,3.25,3.251,3.252,3.252,3.252,3.251,3.25,3.254,3.254,3.254,3.253,3.253,3.252,3.251
3.246,3.247,3.251,3.251,3.252,3.252,3.251,3.251,3.25,3.253,3.255,3.254,3.253,3.253,3.252,3.251
3.246,3.247,3.25,3.251,3.252,3.252,3.252,3.251,3.25,3.253,3.254,3.254,3.253,3.253,3.253,3.251
3.247,3.247,3.251,3.251,3.251,3.252,3.252,3.251,3.25,3.253,3.254,3.254,3.253,3.253,3.253,3.251
3.246,3.247,3.25,3.251,3.252,3.252,3.252,3.251,3.25,3.253,3.254,3.254,3.253,3.253,3.253,3.251
3.246,3.247,3.251,3.251,3.252,3.252,3.252,3.251,3.25,3.254,3.254,3.254,3.253,3.253,3.253,3.251
3.246,3.247,3.25,3.251,3.252,3.252,3.251,3.251,3.25,3.254,3.254,3.254,3.252,3.253,3.253,3.251
3.246,3.247,3.251,3.251,3.252,3.252,3.252,3.251,3.249,3.253,3.254,3.254,3.253,3.253,3.253,3.25
3.246,3.247,3.251,3.251,3.252,3.252,3.251,3.251,3.249,3.254,3.254,3.254,3.253,3.253,3.252,3.251
3.246,3.247,3.251,3.251,3.252,3.252,3.252,3.251,3.25,3.253,3.254,3.254,3.253,3.252,3.253,3.251
3.246,3.247,3.25,3.251,3.252,3.252,3.252,3.251,3.25,3.253,3.254,3.254,3.254,3.252,3.253,3.251
3.246,3.247,3.251,3.251,3.252,3.252,3.251,3.251,3.251,3.253,3.255,3.254,3.253,3.253,3.253,3.251
3.246,3.247,3.25,3.251,3.252,3.252,3.252,3.251,3.25,3.253,3.254,3.254,3.253,3.252,3.252,3.252
3.246,3.247,3.25,3.251,3.252,3.252,3.252,3.251,3.25,3.253,3.254,3.254,3.253,3.253,3.253,3.251
3.246,3.247,3.25,3.251,3.251,3.252,3.252,3.251,3.25,3.254,3.254,3.254,3.253,3.252,3.252,3.251
3.246,3.246,3.25,3.251,3.252,3.252,3.252,3.251,3.25,3.253,3.254,3.254,3.253,3.253,3.252,3.251
3.246,3.247,3.25,3.251,3.252,3.252,3.252,3.25,3.25,3.253,3.254,3.254,3.253,3.252,3.253,3.251
3.246,3.247,3.25,3.251,3.252,3.252,3.251,3.251,3.25,3.253,3.254,3.254,3.253,3.253,3.253,3.251
3.246,3.247,3.251,3.251,3.252,3.252,3.252,3.25,3.25,3.253,3.254,3.254,3.253,3.253,3.252,3.251
3.246,3.247,3.25,3.251,3.252,3.252,3.252,3.251,3.25,3.253,3.254,3.254,3.252,3.253,3.253,3.251
3.246,3.247,3.25,3.251,3.251,3.252,3.252,3.25,3.25,3.253,3.254,3.254,3.253,3.253,3.252,3.251
3.246,3.247,3.251,3.251,3.252,3.252,3.252,3.25,3.25,3.253,3.254,3.254,3.253,3.253,3.253,3.251
3.246,3.247,3.25,3.251,3.252,3.252,3.252,3.25,3.25,3.254,3.254,3.254,3.253,3.253,3.252,3.251
3.246,3.247,3.25,3.251,3.252,3.251,3.252,3.25,3.25,3.253,3.254,3.254,3.253,3.253,3.252,3.251
3.246,3.247,3.25,3.251,3.252,3.252,3.251,3.25,3.25,3.253,3.254,3.254,3.253,3.253,3.253,3.251
3.246,3.247,3.25,3.251,3.252,3.252,3.251,3.251,3.25,3.253,3.254,3.253,3.253,3.253,3.252,3.251
3.246,3.247,3.25,3.251,3.252,3.252,3.252,3.25,3.25,3.253,3.254,3.253,3.253,3.253,3.253,3.251
3.246,3.247,3.25,3.251,3.251,3.252,3.251,3.251,3.25,3.253,3.254,3.254,3.253,3.252,3.253,3.251
3.246,3.247,3.25,3.251,3.251,3.252,3.251,3.25,3.25,3.253,3.254,3.253,3.253,3.253,3.253,3.251
3.246,3.247,3.25,3.251,3.251,3.252,3.251,3.251,3.25,3.253,3.254,3.253,3.253,3.253,3.253,3.251
3.246,3.247,3.25,3.251,3.251,3.252,3.252,3.251,3.249,3.253,3.254,3.254,3.253,3.253,3.252,3.251
3.246,3.247,3.25,3.251,3.251,3.252,3.252,3.251,3.25,3.253,3.254,3.254,3.253,3.253,3.252,3.251
3.246,3.247,3.251,3.251,3.252,3.252,3.251,3.251,3.25,3.253,3.254,3.254,3.252,3.253,3.252,3.251
3.246,3.247,3.25,3.251,3.251,3.252,3.252,3.251,3.25,3.253,3.254,3.254,3.253,3.253,3.253,3.251
3.246,3.247,3.25,3.251,3.252,3.252,3.251,3.251,3.25,3.253,3.254,3.254,3.253,3.253,3.252,3.251
3.246,3.247,3.251,3.251,3.252,3.252,3.252,3.251,3.25,3.253,3.254,3.254,3.253,3.253,3.253,3.251
3.246,3.246,3.25,3.251,3.252,3.252,3.252,3.251,3.25,3.253,3.254,3.254,3.253,3.253,3.252,3.251
3.246,3.247,3.25,3.251,3.252,3.252,3.251,3.251,3.249,3.253,3.254,3.253,3.253,3.252,3.253,3.251
3.246,3.247,3.25,3.251,3.252,3.252,3.251,3.251,3.25,3.253,3.254,3.254,3.253,3.253,3.252,3.251
3.246,3.247,3.25,3.251,3.251,3.252,3.251,3.251,3.249,3.253,3.254,3.254,3.253,3.252,3.253,3.251
3.246,3.246,3.251,3.251,3.252,3.252,3.252,3.251,3.25,3.253,3.254,3.254,3.253,3.253,3.252,3.251
3.246,3.247,3.25,3.251,3.251,3.252,3.252,3.251,3.249,3.254,3.254,3.254,3.253,3.253,3.252,3.251
3.246,3.247,3.25,3.251,3.252,3.252,3.252,3.25,3.25,3.253,3.254,3.254,3.253,3.253,3.253,3.251
3.246,3.247,3.25,3.251,3.251,3.252,3.252,3.251,3.249,3.253,3.254,3.254,3.253,3.252,3.252,3.251
3.246,3.246,3.25,3.251,3.252,3.252,3.252,3.25,3.25,3.253,3.254,3.254,3.253,3.253,3.252,3.251
3.246,3.247,3.25,3.251,3.252,3.252,3.252,3.25,3.25,3.253,3.254,3.254,3.253,3.253,3.252,3.251
3.246,3.246,3.25,3.251,3.252,3.252,3.252,3.25,3.25,3.253,3.254,3.254,3.253,3.253,3.252,3.251
3.246,3.246,3.251,3.251,3.251,3.252,3.252,3.251,3.25,3.253,3.254,3.254,3.252,3.252,3.253,3.251
3.246,3.247,3.25,3.251,3.251,3.252,3.251,3.251,3.25,3.253,3.254,3.254,3.252,3.253,3.252,3.251
3.246,3.247,3.25,3.251,3.251,3.252,3.251,3.251,3.25,3.253,3.254,3.254,3.252,3.253,3.252,3.251
3.246,3.247,3.251,3.251,3.252,3.252,3.251,3.251,3.25,3.253,3.254,3.254,3.253,3.253,3.253,3.251
3.246,3.247,3.25,3.25,3.252,3.252,3.251,3.251,3.249,3.253,3.254,3.254,3.252,3.253,3.252,3.251
3.246,3.247,3.25,3.251,3.251,3.252,3.251,3.25,3.25,3.253,3.254,3.254,3.253,3.252,3.253,3.251
3.246,3.247,3.25,3.251,3.252,3.252,3.251,3.251,3.25,3.253,3.254,3.254,3.253,3.253,3.253,3.251
3.246,3.247,3.25,3.251,3.252,3.252,3.251,3.25,3.25,3.253,3.254,3.254,3.252,3.253,3.252,3.251
3.246,3.247,3.25,3.251,3.252,3.252,3.252,3.251,3.25,3.254,3.254,3.254,3.253,3.253,3.252,3.251
3.246,3.247,3.25,3.251,3.251,3.252,3.252,3.25,3.25,3.253,3.254,3.254,3.253,3.252,3.252,3.251
3.246,3.247,3.25,3.251,3.252,3.252,3.251,3.251,3.25,3.253,3.254,3.253,3.253,3.252,3.253,3.251
3.246,3.247,3.25,3.251,3.251,3.252,3.252,3.25,3.25,3.253,3.254,3.254,3.253,3.253,3.253,3.251
3.246,3.247,3.25,3.251,3.252,3.252,3.252,3.251,3.25,3.254,3.254,3.254,3.253,3.253,3.253,3.251
3.246,3.247,3.25,3.251,3.252,3.252,3.252,3.251,3.249,3.253,3.254,3.254,3.253,3.253,3.252,3.251
3.246,3.246,3.251,3.251,3.251,3.252,3.251,3.251,3.249,3.253,3.254,3.254,3.253,3.253,3.252,3.251
3.246,3.247,3.25,3.251,3.251,3.252,3.251,3.251,3.25,3.253,3.254,3.254,3.252,3.253,3.253,3.251
3.246,3.247,3.25,3.251,3.252,3.252,3.252,3.25,3.25,3.253,3.254,3.254,3.252,3.253,3.252,3.251
3.246,3.247,3.25,3.251,3.252,3.252,3.251,3.251,3.25,3.253,3.254,3.253,3.253,3.252,3.252,3.251
3.246,3.247,3.25,3.251,3.251,3.252,3.251,3.25,3.25,3.253,3.254,3.254,3.253,3.252,3.253,3.251
3.246,3.247,3.25,3.251,3.251,3.252,3.252,3.25,3.25,3.253,3.254,3.254,3.253,3.252,3.252,3.25
3.246,3.247,3.251,3.251,3.251,3.252,3.251,3.251,3.25,3.253,3.254,3.254,3.253,3.253,3.253,3.251
3.246,3.247,3.25,3.251,3.251,3.252,3.251,3.251,3.25,3.253,3.254,3.254,3.252,3.253,3.252,3.251
3.245,3.246,3.25,3.25,3.252,3.251,3.251,3.25,3.249,3.253,3.255,3.253,3.253,3.252,3.252,3.251
3.246,3.247,3.25,3.251,3.252,3.252,3.252,3.25,3.25,3.253,3.254,3.253,3.253,3.253,3.252,3.251
3.246,3.247,3.25,3.251,3.252,3.252,3.251,3.25,3.25,3.253,3.254,3.254,3.252,3.253,3.252,3.251
3.246,3.247,3.25,3.251,3.252,3.252,3.252,3.251,3.25,3.253,3.254,3.254,3.253,3.253,3.252,3.251
3.246,3.247,3.25,3.251,3.251,3.252,3.251,3.25,3.25,3.253,3.254,3.254,3.253,3.252,3.252,3.251
3.246,3.247,3.25,3.251,3.252,3.252,3.252,3.251,3.25,3.253,3.254,3.254,3.253,3.253,3.252,3.251
3.246,3.246,3.25,3.251,3.251,3.252,3.251,3.251,3.25,3.254,3.254,3.254,3.252,3.253,3.252,3.252
3.246,3.246,3.25,3.251,3.252,3.252,3.252,3.25,3.25,3.254,3.254,3.254,3.252,3.253,3.252,3.251
3.246,3.247,3.25,3.251,3.252,3.252,3.251,3.251,3.249,3.253,3.254,3.254,3.253,3.253,3.253,3.251
3.246,3.247,3.25,3.251,3.251,3.252,3.251,3.251,3.25,3.253,3.254,3.254,3.253,3.253,3.253,3.25
3.245,3.247,3.25,3.25,3.251,3.252,3.251,3.25,3.25,3.253,3.254,3.254,3.253,3.252,3.252,3.251
3.246,3.247,3.251,3.251,3.252,3.252,3.252,3.251,3.25,3.253,3.254,3.253,3.253,3.252,3.252,3.251
3.246,3.246,3.25,3.251,3.251,3.252,3.251,3.25,3.25,3.253,3.254,3.253,3.253,3.252,3.253,3.251
3.246,3.246,3.25,3.251,3.252,3.252,3.252,3.25,3.249,3.253,3.254,3.254,3.252,3.253,3.253,3.251
3.246,3.247,3.25,3.251,3.251,3.252,3.251,3.251,3.249,3.253,3.254,3.254,3.253,3.253,3.253,3.251
3.246,3.246,3.25,3.251,3.252,3.252,3.251,3.251,3.249,3.253,3.254,3.253,3.253,3.253,3.252,3.251
3.246,3.247,3.25,3.251,3.251,3.252,3.251,3.25,3.25,3.253,3.254,3.253,3.253,3.253,3.252,3.251
3.246,3.247,3.25,3.251,3.251,3.252,3.251,3.25,3.25,3.253,3.254,3.254,3.253,3.253,3.252,3.251
3.246,3.246,3.25,3.251,3.252,3.252,3.251,3.25,3.25,3.253,3.254,3.253,3.253,3.253,3.252,3.251
3.249,3.25,3.252,3.253,3.254,3.254,3.253,3.253,3.252,3.255,3.256,3.256,3.255,3.254,3.254,3.253
3.249,3.25,3.253,3.253,3.253,3.254,3.253,3.252,3.252,3.255,3.256,3.255,3.255,3.254,3.255,3.253
3.249,3.249,3.252,3.253,3.253,3.254,3.253,3.252,3.252,3.255,3.255,3.255,3.255,3.255,3.254,3.253
3.249,3.249,3.252,3.253,3.253,3.254,3.254,3.252,3.251,3.255,3.255,3.255,3.254,3.254,3.254,3.253
3.249,3.249,3.253,3.253,3.253,3.254,3.253,3.252,3.251,3.255,3.256,3.256,3.255,3.254,3.254,3.253
3.249,3.249,3.252,3.253,3.253,3.254,3.253,3.252,3.251,3.255,3.255,3.256,3.254,3.254,3.254,3.253
3.249,3.249,3.252,3.253,3.253,3.254,3.253,3.252,3.251,3.255,3.256,3.255,3.254,3.254,3.254,3.253
3.249,3.249,3.252,3.253,3.253,3.253,3.253,3.252,3.252,3.255,3.255,3.255,3.255,3.254,3.254,3.253
3.249,3.249,3.252,3.253,3.253,3.254,3.253,3.252,3.252,3.255,3.255,3.255,3.255,3.254,3.254,3.253
3.249,3.249,3.252,3.253,3.253,3.254,3.253,3.252,3.252,3.255,3.256,3.255,3.255,3.254,3.254,3.252
3.248,3.249,3.252,3.253,3.253,3.254,3.252,3.252,3.251,3.255,3.255,3.255,3.254,3.254,3.254,3.253
3.249,3.249,3.252,3.253,3.253,3.254,3.253,3.252,3.251,3.255,3.255,3.255,3.254,3.254,3.254,3.252
3.249,3.249,3.252,3.253,3.253,3.253,3.253,3.252,3.252,3.254,3.255,3.255,3.255,3.254,3.254,3.252
3.248,3.249,3.252,3.252,3.253,3.253,3.253,3.252,3.251,3.254,3.255,3.255,3.254,3.254,3.254,3.252
3.248,3.249,3.252,3.253,3.253,3.254,3.253,3.252,3.251,3.255,3.255,3.255,3.254,3.254,3.254,3.252
3.248,3.249,3.252,3.252,3.253,3.253,3.253,3.252,3.251,3.255,3.255,3.255,3.254,3.254,3.254,3.253
3.248,3.249,3.252,3.253,3.253,3.253,3.253,3.252,3.252,3.254,3.255,3.255,3.254,3.254,3.254,3.252
3.248,3.248,3.252,3.253,3.253,3.253,3.253,3.252,3.251,3.254,3.255,3.255,3.254,3.253,3.253,3.252
3.248,3.249,3.252,3.252,3.253,3.253,3.252,3.252,3.251,3.254,3.255,3.255,3.254,3.253,3.254,3.252
3.248,3.249,3.251,3.253,3.253,3.253,3.253,3.252,3.251,3.254,3.255,3.255,3.254,3.254,3.254,3.252
3.248,3.249,3.252,3.253,3.253,3.253,3.253,3.252,3.251,3.254,3.255,3.255,3.254,3.254,3.254,3.252
3.248,3.248,3.252,3.252,3.253,3.254,3.253,3.252,3.251,3.255,3.255,3.255,3.254,3.254,3.254,3.252
3.248,3.248,3.251,3.252,3.253,3.253,3.252,3.252,3.251,3.254,3.255,3.255,3.254,3.254,3.254,3.252
3.248,3.249,3.251,3.252,3.253,3.253,3.253,3.252,3.251,3.254,3.255,3.254,3.254,3.253,3.254,3.252
3.247,3.248,3.251,3.252,3.252,3.253,3.253,3.252,3.251,3.254,3.255,3.255,3.254,3.253,3.254,3.252
3.247,3.248,3.251,3.252,3.253,3.253,3.252,3.252,3.251,3.254,3.255,3.254,3.254,3.253,3.254,3.252
3.248,3.248,3.252,3.252,3.252,3.253,3.252,3.251,3.251,3.255,3.254,3.255,3.254,3.254,3.253,3.252
3.248,3.248,3.252,3.252,3.252,3.253,3.252,3.252,3.251,3.255,3.254,3.255,3.254,3.254,3.253,3.252
3.253,3.254,3.257,3.257,3.257,3.258,3.257,3.256,3.255,3.258,3.259,3.259,3.258,3.258,3.258,3.257
3.253,3.254,3.256,3.256,3.257,3.258,3.256,3.256,3.255,3.258,3.259,3.259,3.258,3.257,3.257,3.256
3.253,3.254,3.255,3.256,3.256,3.257,3.256,3.256,3.255,3.258,3.259,3.258,3.258,3.257,3.257,3.256
3.253,3.253,3.255,3.256,3.256,3.257,3.256,3.256,3.255,3.258,3.258,3.258,3.257,3.257,3.257,3.256
3.252,3.253,3.255,3.256,3.256,3.257,3.256,3.255,3.255,3.257,3.258,3.258,3.257,3.257,3.257,3.255
3.252,3.253,3.255,3.256,3.256,3.256,3.255,3.255,3.255,3.257,3.258,3.258,3.257,3.256,3.257,3.255
3.252,3.252,3.255,3.256,3.256,3.256,3.255,3.254,3.254,3.257,3.258,3.257,3.257,3.256,3.256,3.255
3.252,3.252,3.255,3.255,3.255,3.256,3.255,3.255,3.254,3.257,3.257,3.257,3.256,3.257,3.256,3.255
3.252,3.252,3.255,3.255,3.255,3.255,3.255,3.255,3.254,3.257,3.258,3.257,3.257,3.256,3.256,3.255
3.252,3.252,3.254,3.255,3.255,3.256,3.255,3.254,3.254,3.256,3.257,3.257,3.256,3.256,3.256,3.254
3.251,3.251,3.254,3.255,3.255,3.256,3.254,3.254,3.254,3.257,3.257,3.257,3.256,3.255,3.256,3.254
3.251,3.252,3.254,3.255,3.255,3.256,3.255,3.254,3.253,3.256,3.257,3.257,3.256,3.256,3.256,3.255
3.251,3.251,3.254,3.255,3.256,3.255,3.255,3.254,3.253,3.256,3.257,3.257,3.256,3.255,3.255,3.254
3.251,3.251,3.254,3.255,3.255,3.255,3.254,3.254,3.253,3.256,3.257,3.256,3.256,3.255,3.256,3.254
3.245,3.246,3.25,3.251,3.251,3.252,3.252,3.25,3.25,3.253,3.254,3.254,3.252,3.252,3.252,3.251
3.246,3.246,3.25,3.251,3.251,3.252,3.251,3.251,3.25,3.253,3.254,3.254,3.253,3.253,3.252,3.25
3.246,3.246,3.25,3.25,3.251,3.252,3.251,3.251,3.25,3.253,3.254,3.253,3.252,3.253,3.252,3.251
